{
  "timestamp": "2025-12-08T17:01:57.534172",
  "sample_size": 614,
  "features": {
    "Pregnancies": {
      "mean": 3.742671009771987,
      "std": 3.310564970320029,
      "min": 0.0,
      "max": 17.0,
      "median": 3.0,
      "q25": 1.0,
      "q75": 6.0
    },
    "Glucose": {
      "mean": 120.85504885993485,
      "std": 32.00895892883288,
      "min": 0.0,
      "max": 199.0,
      "median": 117.0,
      "q25": 100.0,
      "q75": 139.0
    },
    "BloodPressure": {
      "mean": 69.41530944625407,
      "std": 18.49751704841383,
      "min": 0.0,
      "max": 122.0,
      "median": 72.0,
      "q25": 64.0,
      "q75": 80.0
    },
    "BMI": {
      "mean": 31.98338762214984,
      "std": 7.734319068645427,
      "min": 0.0,
      "max": 67.1,
      "median": 32.0,
      "q25": 27.1,
      "q75": 36.375
    },
    "Age": {
      "mean": 32.9071661237785,
      "std": 11.494065064569595,
      "min": 21.0,
      "max": 81.0,
      "median": 29.0,
      "q25": 24.0,
      "q75": 40.0
    }
  }
}